Set1,Set2,Set3,Set4,Set5
Protein287,Protein135,Protein321,Protein123,Protein185
Protein51,Protein271,Protein163,Protein188,Protein78
Protein226,Protein218,Protein296,Protein72,Protein158
Protein380,Protein343,Protein2,Protein298,Protein56
Protein17,Protein267,Protein174,Protein326,Protein95
Protein115,Protein48,Protein275,Protein196,Protein180
Protein329,Protein281,Protein346,Protein299,Protein330
Protein318,Protein138,Protein289,Protein80,Protein83
Protein122,Protein284,Protein87,Protein103,Protein96
Protein187,Protein134,Protein387,Protein191,Protein133
Protein186,Protein12,Protein165,Protein223,Protein129
Protein86,Protein147,Protein192,Protein238,Protein76
Protein32,Protein236,Protein216,Protein276,Protein146
Protein102,Protein264,Protein317,Protein7,Protein134
Protein104,Protein55,Protein315,Protein201,Protein320
Protein124,Protein348,Protein320,Protein212,Protein207
Protein129,Protein109,Protein224,Protein108,Protein351
Protein71,Protein304,Protein269,Protein11,Protein178
Protein347,Protein254,Protein73,Protein49,Protein170
Protein383,Protein333,Protein256,Protein2,Protein378
Protein36,Protein237,Protein273,Protein253,Protein350
Protein325,Protein181,Protein369,Protein360,Protein29
Protein75,Protein358,Protein351,Protein29,Protein6
Protein283,Protein339,Protein253,Protein215,Protein232
Protein42,Protein31,Protein8,Protein165,Protein315
Protein378,Protein203,Protein390,Protein341,Protein281
Protein33,Protein108,Protein268,Protein30,Protein105
Protein106,Protein375,Protein340,Protein134,Protein370
Protein388,Protein157,Protein261,Protein391,Protein271
Protein249,Protein33,Protein57,Protein311,Protein72
Protein343,Protein155,Protein306,Protein244,Protein278
Protein85,Protein153,Protein232,Protein27,Protein214
Protein300,Protein328,Protein179,Protein41,Protein316
Protein190,Protein385,Protein399,Protein316,Protein50
Protein96,Protein56,Protein133,Protein32,Protein8
Protein40,Protein296,Protein108,Protein367,Protein36
Protein79,Protein63,Protein37,Protein84,Protein169
Protein224,Protein72,Protein183,Protein342,Protein75
Protein199,Protein266,Protein154,Protein4,Protein312
Protein270,Protein15,Protein316,Protein392,Protein159
Protein304,Protein298,Protein184,Protein179,Protein80
Protein89,Protein152,Protein31,Protein94,Protein266
Protein259,Protein104,Protein308,Protein162,Protein228
Protein279,Protein367,Protein265,Protein18,Protein161
Protein375,Protein40,Protein181,Protein86,Protein139
Protein317,Protein146,Protein380,Protein291,Protein322
Protein123,Protein75,Protein319,Protein286,Protein118
Protein351,Protein130,Protein96,Protein3,Protein279
Protein393,Protein128,Protein238,Protein237,Protein242
Protein195,Protein389,Protein155,Protein328,Protein42
Protein255,Protein240,Protein284,Protein329,Protein285
Protein188,Protein194,Protein121,Protein288,Protein127
Protein382,Protein121,Protein223,Protein374,Protein395
Protein49,Protein297,Protein270,Protein153,Protein128
Protein345,Protein215,Protein141,Protein44,Protein213
Protein284,Protein261,Protein303,Protein275,Protein260
Protein205,Protein122,Protein347,Protein322,Protein173
Protein368,Protein262,Protein231,Protein346,Protein372
Protein233,Protein114,Protein348,Protein361,Protein251
Protein307,Protein209,Protein202,Protein357,Protein383
Protein31,Protein283,Protein9,Protein330,Protein32
Protein230,Protein140,Protein205,Protein307,Protein210
Protein333,Protein98,Protein78,Protein112,Protein17
Protein356,Protein353,Protein304,Protein47,Protein235
Protein185,Protein336,Protein69,Protein303,Protein202
Protein46,Protein143,Protein90,Protein176,Protein84
Protein341,Protein61,Protein339,Protein183,Protein319
Protein60,Protein117,Protein71,Protein118,Protein287
Protein352,Protein359,Protein386,Protein287,Protein100
Protein311,Protein290,Protein385,Protein175,Protein110
Protein114,Protein299,Protein45,Protein97,Protein70
Protein278,Protein168,Protein313,Protein189,Protein325
Protein245,Protein59,Protein46,Protein20,Protein34
Protein12,Protein30,Protein77,Protein396,Protein150
Protein44,Protein144,Protein126,Protein356,Protein131
Protein355,Protein313,Protein117,Protein343,Protein121
Protein220,Protein64,Protein116,Protein172,Protein62
Protein177,Protein175,Protein171,Protein58,Protein111
Protein172,Protein205,Protein143,Protein70,Protein18
Protein165,Protein210,Protein277,Protein74,Protein142
Protein275,Protein111,Protein178,Protein107,Protein222
Protein77,Protein300,Protein236,Protein17,Protein221
Protein103,Protein381,Protein186,Protein296,Protein184
Protein94,Protein253,Protein61,Protein181,Protein189
Protein56,Protein227,Protein33,Protein376,Protein163
Protein144,Protein314,Protein245,Protein207,Protein171
Protein108,Protein382,Protein350,Protein143,Protein114
Protein387,Protein356,Protein102,Protein305,Protein126
Protein316,Protein220,Protein132,Protein149,Protein38
Protein26,Protein321,Protein266,Protein158,Protein193
Protein173,Protein378,Protein175,Protein164,Protein26
Protein294,Protein278,Protein397,Protein66,Protein252
Protein10,Protein252,Protein220,Protein12,Protein345
Protein308,Protein166,Protein41,Protein283,Protein376
Protein38,Protein292,Protein1,Protein67,Protein253
Protein219,Protein361,Protein267,Protein345,Protein107
Protein215,Protein177,Protein14,Protein24,Protein254
Protein360,Protein370,Protein376,Protein310,Protein302
Protein147,Protein363,Protein264,Protein40,Protein394
Protein374,Protein86,Protein199,Protein177,Protein12
Protein309,Protein142,Protein191,Protein85,Protein181
Protein64,Protein388,Protein63,Protein190,Protein342
Protein321,Protein302,Protein331,Protein150,Protein379
Protein362,Protein259,Protein166,Protein117,Protein245
Protein331,Protein324,Protein187,Protein377,Protein384
Protein175,Protein170,Protein364,Protein152,Protein52
Protein229,Protein19,Protein56,Protein37,Protein103
Protein293,Protein159,Protein52,Protein101,Protein215
Protein372,Protein172,Protein382,Protein36,Protein112
Protein354,Protein357,Protein128,Protein45,Protein333
Protein45,Protein384,Protein131,Protein256,Protein130
Protein243,Protein154,Protein34,Protein333,Protein123
Protein397,Protein372,Protein99,Protein132,Protein352
Protein184,Protein185,Protein257,Protein372,Protein286
Protein50,Protein251,Protein123,Protein16,Protein349
Protein68,Protein4,Protein290,Protein234,Protein255
Protein365,Protein10,Protein353,Protein394,Protein257
Protein55,Protein208,Protein262,Protein279,Protein306
Protein121,Protein340,Protein104,Protein249,Protein366
Protein164,Protein35,Protein207,Protein245,Protein324
Protein327,Protein115,Protein20,Protein243,Protein344
Protein11,Protein327,Protein146,Protein76,Protein234
Protein216,Protein277,Protein288,Protein122,Protein374
Protein30,Protein38,Protein139,Protein323,Protein101
Protein254,Protein125,Protein336,Protein251,Protein227
Protein394,Protein317,Protein204,Protein232,Protein116
Protein273,Protein239,Protein21,Protein354,Protein65
Protein74,Protein46,Protein314,Protein266,Protein137
Protein70,Protein36,Protein127,Protein148,Protein31
Protein202,Protein362,Protein138,Protein375,Protein381
Protein211,Protein306,Protein169,Protein38,Protein303
Protein313,Protein196,Protein30,Protein231,Protein187
Protein251,Protein400,Protein298,Protein297,Protein304
Protein169,Protein11,Protein82,Protein339,Protein11
Protein92,Protein118,Protein251,Protein28,Protein89
Protein385,Protein274,Protein194,Protein178,Protein91
Protein48,Protein6,Protein274,Protein156,Protein299
Protein237,Protein5,Protein229,Protein324,Protein388
Protein350,Protein176,Protein101,Protein387,Protein263
Protein179,Protein188,Protein244,Protein285,Protein157
Protein192,Protein193,Protein363,Protein269,Protein364
Protein16,Protein337,Protein147,Protein93,Protein99
Protein47,Protein231,Protein358,Protein321,Protein230
Protein61,Protein312,Protein88,Protein46,Protein277
Protein241,Protein335,Protein226,Protein366,Protein328
Protein62,Protein198,Protein170,Protein300,Protein191
Protein153,Protein334,Protein53,Protein95,Protein265
Protein208,Protein305,Protein212,Protein186,Protein233
Protein69,Protein226,Protein230,Protein147,Protein4
Protein23,Protein383,Protein247,Protein260,Protein94
Protein67,Protein163,Protein276,Protein88,Protein117
Protein272,Protein287,Protein279,Protein73,Protein204
Protein248,Protein50,Protein219,Protein136,Protein1
Protein217,Protein74,Protein307,Protein98,Protein97
Protein302,Protein204,Protein342,Protein218,Protein288
Protein357,Protein136,Protein75,Protein221,Protein218
Protein235,Protein245,Protein93,Protein368,Protein160
Protein140,Protein105,Protein65,Protein42,Protein140
Protein225,Protein132,Protein7,Protein338,Protein363
Protein367,Protein116,Protein328,Protein39,Protein334
Protein72,Protein275,Protein379,Protein23,Protein297
Protein381,Protein81,Protein367,Protein155,Protein243
Protein364,Protein219,Protein13,Protein362,Protein220
Protein370,Protein162,Protein80,Protein34,Protein347
Protein99,Protein303,Protein124,Protein154,Protein223
Protein7,Protein199,Protein28,Protein337,Protein267
Protein13,Protein238,Protein97,Protein192,Protein15
Protein84,Protein13,Protein263,Protein65,Protein156
Protein201,Protein244,Protein113,Protein199,Protein313
Protein289,Protein25,Protein345,Protein145,Protein375
Protein206,Protein192,Protein51,Protein127,Protein269
Protein332,Protein379,Protein68,Protein390,Protein151
Protein324,Protein352,Protein365,Protein171,Protein197
Protein73,Protein229,Protein43,Protein336,Protein155
Protein363,Protein399,Protein360,Protein166,Protein183
Protein281,Protein26,Protein11,Protein364,Protein85
Protein361,Protein341,Protein10,Protein60,Protein20
Protein34,Protein377,Protein301,Protein319,Protein339
Protein189,Protein45,Protein85,Protein261,Protein368
Protein400,Protein326,Protein240,Protein105,Protein115
Protein113,Protein393,Protein389,Protein59,Protein369
Protein76,Protein263,Protein396,Protein236,Protein276
Protein142,Protein323,Protein325,Protein81,Protein385
Protein274,Protein387,Protein203,Protein290,Protein67
Protein358,Protein149,Protein309,Protein71,Protein5
Protein98,Protein265,Protein327,Protein69,Protein355
Protein247,Protein225,Protein59,Protein113,Protein318
Protein194,Protein101,Protein125,Protein157,Protein398
Protein149,Protein107,Protein153,Protein250,Protein336
Protein136,Protein95,Protein151,Protein128,Protein165
Protein301,Protein76,Protein280,Protein21,Protein195
Protein97,Protein43,Protein196,Protein48,Protein168
Protein207,Protein24,Protein35,Protein255,Protein250
Protein88,Protein200,Protein341,Protein365,Protein203
Protein146,Protein65,Protein180,Protein139,Protein77
Protein120,Protein250,Protein370,Protein380,Protein393
Protein320,Protein62,Protein84,Protein383,Protein365
Protein4,Protein247,Protein83,Protein87,Protein59
Protein167,Protein156,Protein167,Protein397,Protein396
Protein303,Protein52,Protein122,Protein92,Protein338
Protein256,Protein151,Protein39,Protein229,Protein196
Protein266,Protein350,Protein355,Protein79,Protein87
Protein242,Protein167,Protein246,Protein352,Protein373
Protein151,Protein386,Protein299,Protein340,Protein321
Protein246,Protein301,Protein295,Protein282,Protein356
Protein239,Protein291,Protein255,Protein35,Protein54
Protein213,Protein221,Protein214,Protein389,Protein391
Protein339,Protein211,Protein176,Protein289,Protein377
Protein57,Protein20,Protein359,Protein370,Protein43
Protein176,Protein73,Protein86,Protein121,Protein301
Protein392,Protein202,Protein398,Protein75,Protein270
Protein268,Protein3,Protein356,Protein222,Protein386
Protein228,Protein280,Protein222,Protein170,Protein353
Protein139,Protein222,Protein92,Protein274,Protein201
Protein130,Protein315,Protein310,Protein384,Protein71
Protein335,Protein249,Protein142,Protein13,Protein122
Protein359,Protein60,Protein89,Protein295,Protein262
Protein221,Protein234,Protein161,Protein327,Protein217
Protein396,Protein390,Protein375,Protein124,Protein9
Protein22,Protein133,Protein140,Protein331,Protein337
Protein389,Protein88,Protein395,Protein194,Protein148
Protein25,Protein246,Protein190,Protein126,Protein177
Protein338,Protein68,Protein234,Protein138,Protein229
Protein163,Protein124,Protein105,Protein230,Protein289
Protein200,Protein338,Protein111,Protein294,Protein175
Protein269,Protein96,Protein150,Protein271,Protein314
Protein170,Protein83,Protein23,Protein78,Protein154
Protein15,Protein139,Protein201,Protein102,Protein164
Protein143,Protein39,Protein210,Protein202,Protein300
Protein288,Protein29,Protein228,Protein259,Protein206
Protein261,Protein183,Protein384,Protein252,Protein305
Protein267,Protein169,Protein137,Protein120,Protein360
Protein5,Protein214,Protein27,Protein270,Protein79
Protein81,Protein28,Protein332,Protein135,Protein149
Protein390,Protein47,Protein103,Protein254,Protein212
Protein399,Protein70,Protein17,Protein292,Protein295
Protein101,Protein165,Protein233,Protein308,Protein186
Protein253,Protein119,Protein368,Protein214,Protein272
Protein337,Protein285,Protein197,Protein265,Protein125
Protein161,Protein22,Protein354,Protein358,Protein317
,Protein79,Protein227,Protein258,Protein16
,Protein217,Protein94,Protein228,Protein172
,Protein123,Protein248,Protein284,Protein273
,Protein57,Protein283,Protein116,Protein248
,Protein67,Protein40,Protein61,Protein153
,Protein276,Protein182,Protein125,Protein219
,Protein373,Protein392,Protein54,Protein64
,Protein213,Protein252,Protein210,Protein61
,Protein102,Protein158,Protein399,Protein28
,Protein92,Protein239,Protein355,Protein194
,,Protein16,Protein373,Protein275
,,Protein326,Protein90,Protein3
,,Protein189,Protein332,Protein341
,,Protein218,Protein160,Protein326
,,Protein118,Protein306,Protein46
,,Protein198,Protein180,Protein231
,,Protein54,Protein168,Protein14
,,Protein285,Protein313,Protein82
,,Protein135,Protein163,Protein179
,,Protein3,Protein185,Protein307
,,Protein254,Protein63,Protein290
,,Protein19,Protein226,Protein238
,,Protein391,Protein344,Protein176
,,Protein312,Protein309,Protein58
,,Protein26,Protein312,Protein190
,,Protein324,Protein350,Protein244
,,Protein58,Protein211,Protein261
,,Protein352,Protein325,Protein35
,,Protein259,Protein115,Protein298
,,Protein258,Protein130,Protein119
,,Protein160,Protein173,Protein19
,,Protein119,Protein349,Protein380
,,Protein272,Protein110,Protein143
,,Protein5,Protein56,Protein68
,,Protein24,Protein267,Protein21
,,Protein300,Protein233,Protein331
,,Protein374,Protein369,Protein113
,,Protein249,Protein198,Protein382
,,Protein98,Protein50,Protein357
,,Protein36,Protein241,Protein283
,,Protein357,Protein273,Protein399
,,Protein38,Protein318,Protein371
,,Protein250,Protein235,Protein296
,,Protein91,Protein378,Protein200
,,Protein271,Protein219,Protein400
,,Protein400,Protein347,Protein51
,,Protein12,Protein119,Protein397
,,Protein361,Protein227,Protein354
,,Protein74,Protein315,Protein239
,,Protein322,Protein159,Protein47
,,Protein349,Protein68,Protein81
,,Protein112,Protein104,Protein258
,,Protein15,Protein25,Protein256
,,Protein235,Protein1,Protein346
,,Protein100,Protein26,Protein104
,,Protein335,Protein52,Protein259
,,Protein343,Protein64,Protein268
,,Protein213,Protein393,Protein49
,,Protein241,Protein314,Protein293
,,,Protein14,Protein226
,,,Protein184,
,,,Protein386,
,,,Protein209,
,,,Protein293,
,,,Protein264,
,,,Protein77,
,,,Protein8,
,,,Protein91,
,,,Protein317,
,,,Protein15,
,,,Protein55,
,,,Protein400,
,,,Protein208,
,,,Protein205,
,,,Protein277,
,,,Protein371,
,,,Protein320,
,,,Protein213,
,,,Protein206,
,,,Protein302,
,,,Protein398,
,,,Protein99,
,,,Protein272,
,,,Protein151,
,,,Protein304,
,,,Protein133,
,,,Protein43,
,,,Protein114,
,,,Protein388,
,,,Protein106,
