Set1,Set2,Set3,Set4,Set5,Set6,Set7
Protein14,Protein69,Protein122,Protein10,Protein102,Protein137,Protein127
Protein50,Protein72,Protein79,Protein53,Protein96,Protein139,Protein41
Protein118,Protein76,Protein85,Protein54,Protein26,Protein43,Protein8
Protein43,Protein63,Protein136,Protein107,Protein141,Protein115,Protein52
Protein150,Protein141,Protein51,Protein11,Protein94,Protein55,Protein67
Protein148,Protein97,Protein74,Protein25,Protein136,Protein57,Protein2
Protein90,Protein91,Protein106,Protein52,Protein81,Protein126,Protein65
Protein91,Protein38,Protein98,Protein26,Protein82,Protein38,Protein135
Protein143,Protein21,Protein145,Protein135,Protein106,Protein84,Protein29
Protein92,Protein41,Protein127,Protein90,Protein119,Protein63,Protein20
Protein137,Protein90,Protein17,Protein57,Protein11,Protein78,Protein124
Protein99,Protein60,Protein46,Protein105,Protein113,Protein70,Protein80
Protein72,Protein16,Protein54,Protein101,Protein108,Protein130,Protein7
Protein26,Protein116,Protein110,Protein23,Protein130,Protein120,Protein45
Protein7,Protein94,Protein94,Protein14,Protein31,Protein75,Protein76
Protein78,Protein6,Protein149,Protein110,Protein115,Protein21,Protein25
Protein81,Protein86,Protein24,Protein134,Protein22,Protein87,Protein91
Protein147,Protein134,Protein113,Protein91,Protein146,Protein72,Protein94
Protein103,Protein39,Protein107,Protein129,Protein16,Protein59,Protein150
Protein117,Protein118,Protein102,Protein106,Protein12,Protein81,Protein12
Protein76,Protein50,Protein5,Protein113,Protein66,Protein146,Protein148
Protein32,Protein34,Protein70,Protein81,Protein50,Protein6,Protein71
Protein106,Protein4,Protein16,Protein29,Protein76,Protein128,Protein121
Protein109,Protein13,Protein134,Protein143,Protein47,Protein111,Protein15
Protein136,Protein150,Protein32,Protein27,Protein51,Protein28,Protein83
Protein9,Protein131,Protein21,Protein85,Protein117,Protein32,Protein49
Protein41,Protein115,Protein55,Protein7,Protein6,Protein49,Protein107
Protein74,Protein25,Protein75,Protein60,Protein80,Protein99,Protein39
Protein23,Protein52,Protein36,Protein117,Protein122,Protein92,Protein115
Protein27,Protein22,Protein108,Protein127,Protein15,Protein127,Protein87
Protein60,Protein89,Protein137,Protein41,Protein19,Protein142,Protein35
Protein53,Protein32,Protein83,Protein84,Protein59,Protein65,Protein6
Protein126,Protein110,Protein89,Protein6,Protein3,Protein69,Protein129
Protein119,Protein123,Protein39,Protein114,Protein110,Protein136,Protein4
Protein121,Protein87,Protein138,Protein94,Protein97,Protein47,Protein74
Protein96,Protein35,Protein90,Protein31,Protein33,Protein20,Protein81
Protein38,Protein40,Protein9,Protein93,Protein48,Protein2,Protein48
Protein89,Protein112,Protein71,Protein17,Protein75,Protein62,Protein130
Protein34,Protein30,Protein143,Protein64,Protein100,Protein112,Protein53
Protein93,Protein12,Protein48,Protein37,Protein138,Protein141,Protein146
NA,Protein31,Protein77,Protein140,Protein45,Protein113,Protein108
NA,Protein113,Protein119,Protein20,Protein10,Protein10,Protein112
NA,Protein64,Protein56,Protein35,Protein42,Protein132,Protein101
NA,Protein99,Protein117,Protein89,Protein24,Protein124,Protein14
NA,Protein14,Protein68,Protein33,Protein92,Protein7,Protein28
NA,Protein93,Protein1,Protein66,Protein103,Protein61,Protein119
NA,Protein96,Protein40,Protein4,Protein18,Protein143,Protein9
NA,Protein71,Protein30,Protein74,Protein144,Protein36,Protein33
NA,Protein67,Protein147,Protein97,Protein84,Protein23,Protein46
NA,Protein23,Protein118,Protein5,Protein147,Protein34,Protein64
NA,NA,Protein128,Protein145,Protein9,Protein88,Protein19
NA,NA,Protein88,Protein8,Protein53,Protein4,Protein98
NA,NA,Protein116,Protein55,Protein140,Protein54,Protein1
NA,NA,Protein123,Protein147,Protein8,Protein29,Protein92
NA,NA,Protein111,Protein125,Protein5,Protein58,Protein147
NA,NA,Protein20,Protein45,Protein29,Protein134,Protein133
NA,NA,Protein67,Protein18,Protein129,Protein117,Protein68
NA,NA,Protein93,Protein42,Protein70,Protein56,Protein90
NA,NA,Protein150,Protein115,Protein74,Protein51,Protein75
NA,NA,Protein52,Protein118,Protein148,Protein50,Protein5
NA,NA,Protein22,Protein71,Protein73,Protein48,Protein100
NA,NA,Protein49,Protein61,Protein98,Protein3,Protein120
NA,NA,Protein42,Protein48,Protein124,Protein33,Protein103
NA,NA,Protein59,Protein130,Protein128,Protein101,Protein69
NA,NA,Protein84,Protein95,Protein83,Protein66,Protein61
NA,NA,Protein11,Protein63,Protein56,Protein64,Protein23
NA,NA,Protein124,Protein149,Protein27,Protein40,Protein149
NA,NA,Protein8,Protein119,Protein68,Protein96,Protein63
NA,NA,Protein139,Protein96,Protein28,Protein147,Protein125
NA,NA,Protein66,Protein141,Protein67,Protein140,Protein128
NA,NA,Protein120,Protein87,Protein40,Protein25,Protein110
NA,NA,Protein82,Protein2,Protein88,Protein71,Protein136
NA,NA,Protein129,Protein49,Protein36,Protein150,Protein145
NA,NA,Protein72,Protein79,Protein55,Protein105,Protein18
NA,NA,Protein44,Protein13,Protein114,Protein22,Protein117
NA,NA,Protein126,Protein24,Protein109,Protein93,Protein72
NA,NA,Protein92,Protein78,Protein25,Protein100,Protein144
NA,NA,Protein45,Protein67,Protein38,Protein85,Protein11
NA,NA,Protein14,Protein77,Protein142,Protein53,Protein57
NA,NA,Protein100,Protein111,Protein4,Protein31,Protein56
NA,NA,Protein33,Protein82,Protein52,Protein46,Protein132
NA,NA,Protein104,Protein76,Protein134,Protein24,Protein96
NA,NA,Protein69,Protein122,Protein107,Protein60,Protein86
NA,NA,Protein10,Protein102,Protein39,Protein30,Protein36
NA,NA,Protein114,Protein38,Protein127,Protein102,Protein3
NA,NA,Protein7,Protein112,Protein60,Protein17,Protein138
NA,NA,Protein65,Protein16,Protein63,Protein26,Protein79
NA,NA,Protein58,Protein108,Protein37,Protein108,Protein118
NA,NA,Protein61,Protein36,Protein46,Protein145,Protein40
NA,NA,Protein60,Protein126,Protein54,Protein110,Protein109
NA,NA,Protein131,Protein73,Protein137,Protein148,Protein37
NA,NA,Protein141,Protein70,Protein121,Protein86,Protein24
NA,NA,Protein112,Protein137,Protein132,Protein73,Protein38
NA,NA,Protein23,Protein3,Protein120,Protein103,Protein139
NA,NA,Protein26,Protein92,Protein116,Protein45,Protein66
NA,NA,Protein43,Protein88,Protein145,Protein8,Protein73
NA,NA,Protein78,Protein72,Protein64,Protein15,Protein10
NA,NA,Protein29,Protein47,Protein105,Protein77,Protein142
NA,NA,Protein146,Protein58,Protein93,Protein94,Protein85
NA,NA,NA,Protein142,Protein87,Protein89,Protein134
NA,NA,NA,Protein9,NA,Protein39,Protein59
NA,NA,NA,Protein39,NA,Protein74,Protein32
NA,NA,NA,Protein30,NA,Protein104,Protein143
NA,NA,NA,Protein56,NA,Protein52,Protein55
NA,NA,NA,Protein98,NA,Protein83,Protein54
NA,NA,NA,Protein50,NA,Protein144,Protein70
NA,NA,NA,Protein62,NA,Protein149,Protein31
NA,NA,NA,Protein34,NA,Protein119,Protein102
NA,NA,NA,Protein22,NA,Protein121,Protein50
NA,NA,NA,Protein120,NA,Protein90,Protein89
NA,NA,NA,Protein28,NA,Protein109,Protein43
NA,NA,NA,Protein128,NA,Protein41,Protein113
NA,NA,NA,Protein132,NA,Protein138,Protein82
NA,NA,NA,Protein131,NA,Protein1,Protein116
NA,NA,NA,Protein19,NA,Protein16,Protein17
NA,NA,NA,Protein12,NA,Protein114,Protein141
NA,NA,NA,Protein43,NA,Protein14,Protein88
NA,NA,NA,Protein21,NA,Protein12,Protein62
NA,NA,NA,Protein80,NA,Protein44,Protein13
NA,NA,NA,Protein83,NA,Protein91,Protein34
NA,NA,NA,Protein59,NA,NA,Protein78
NA,NA,NA,Protein51,NA,NA,Protein137
NA,NA,NA,Protein100,NA,NA,Protein122
NA,NA,NA,Protein116,NA,NA,Protein95
NA,NA,NA,Protein15,NA,NA,Protein123
NA,NA,NA,Protein68,NA,NA,Protein126
NA,NA,NA,Protein103,NA,NA,Protein30
NA,NA,NA,Protein44,NA,NA,Protein105
NA,NA,NA,Protein123,NA,NA,Protein140
NA,NA,NA,Protein32,NA,NA,Protein27
NA,NA,NA,NA,NA,NA,Protein93
NA,NA,NA,NA,NA,NA,Protein104
NA,NA,NA,NA,NA,NA,Protein21
NA,NA,NA,NA,NA,NA,NA
NA,NA,NA,NA,NA,NA,NA
NA,NA,NA,NA,NA,NA,NA
NA,NA,NA,NA,NA,NA,NA
NA,NA,NA,NA,NA,NA,NA
NA,NA,NA,NA,NA,NA,NA
NA,NA,NA,NA,NA,NA,NA
NA,NA,NA,NA,NA,NA,NA
NA,NA,NA,NA,NA,NA,NA
NA,NA,NA,NA,NA,NA,NA
NA,NA,NA,NA,NA,NA,NA
NA,NA,NA,NA,NA,NA,NA
NA,NA,NA,NA,NA,NA,NA
NA,NA,NA,NA,NA,NA,NA
NA,NA,NA,NA,NA,NA,NA
NA,NA,NA,NA,NA,NA,NA
NA,NA,NA,NA,NA,NA,NA
